,en,ru
Levels,Levels,Уровни
Options,Options,Настройки
Skins,Skins,Скины
Achievements,Achievements,Достижения
Recycle Bin,Recycle Bin,Корзина
Highest Time:,Highest Time:,Рекорд:
Dificulties:,Dificulties:,Сложность:
Hard,Hard,Сложная
Insane,Insane,Безумная
Inferno,Inferno,Инферно
Additions:,Additions:,Дополнения:
Rain,Rain,Дождь
Old film,Old film,Плёнка
"Jiofef
Head","Jiofef
Head","Голова
Джиофефа"
"Enhanced
Crosses","Enhanced
Crosses","Улучшенные
Метки"
Sound,Sound,Звук
Global,Global,Общий
Interface,Interface,Интерфейс
Music,Music,Музыка
Player,Player,Игрок
Crosses,Crosses,Метки
Explosions,Explosions,Взрывы
Environment,Environment,Окружение
Video,Video,Визуал
"Screen
mode","Screen
mode","Режим
экрана"
Full,Full,Полный
Window,Window,Оконный
"Window
size","Window
size","Размер
окна"
"Vertical
Sync","Vertical
Sync","Вертикальная
синхронизация"
On,On,Вкл
Off,Off,Выкл
"Scores
label
mode","Scores
label
mode","Режим
отображения
очков"
Default,Default,Обычно
Mini,Mini,Мини
Hide,Hide,Скрыть
"Scores
label
location","Scores
label
location","Расположение
очков на
экране"
"Camera
zoom","Camera
zoom","Приближение
камеры"
"View
controls","View
controls","Посмотреть
управление"
"There is no way to change the control 
settings yet
Maybe in 1000 years","There is no way to change the control 
settings yet
Maybe in 1000 years","Возможности менять управление
пока нет
Подождите 1000 лет"
Wall catch,Wall catch,"Ухватиться
за стену"
"Pause or
cancel","Pause or
cancel","Пауза или
отмена"
Level reset,Level reset,"Перезапуск
уровня"
Jump,Jump,Прыжок
"Move scrollbars
(just try it)","Move scrollbars
(just try it)","Движение ползунков
(попробуй)"
"Left and right - move
up - jump
down - pulldown","Left and right - move
up - jump
down - pulldown","Вправо и влево - движение
Вверх - прыжок
Вниз - рывок вниз"
"Keyboard controls:

Jump - Space, up, W
Move - right, D, left, A
Pull down - down, S
Wall catch - Ctrl, Shift, LMB
Level reset - R
Pause or cancel - Esc
","Keyboard controls:

Jump - Space, up, W
Move - right, D, left, A
Pull down - down, S
Wall catch - Ctrl, Shift, LMB
Level reset - R
Pause or cancel - Esc
","Управление клавиатурой:

Прыжок - Пробел, Вверх, W
Движение - вправо, D, влево, A
Рывок вниз - вниз, S
Ухватиться за стену - Ctrl, Shift, ЛКМ
Перезапуск уровня - R
Пауза или отмена - Esc"
"Set by
default","Set by
default","Вернуть по
умолчанию"
Slippey,Slippey,Слиппи
Samey,Samey,Сэйми
Sanboy,Sanboy,Сэнбой
Strawman,Strawman,Страумен
Pineplum,Pineplum,Пинплам
Bondey,Bondey,Бонди
Sleepy,Sleepy,Слипи
Daley,Daley,Дэли
???,???,???
Compress Mass,Compress Mass,"Масса 
Компресса"
Jio Yoba Fefski,Jio Yoba Fefski,"Джио Иоба
Фефский"
Chad,Chad,Чад
M7SSINGNULL,M7SSINGNULL,М7SSINGNULL
Corey,Corey,Кори
Skins: ,Skins: ,Скины:
000-,000-,000-
-000-,-000-,-000-
000-,000-,000-
"Using the accumulated knowledge about controlling, find a new, unplanned path at the tutorial","Using the accumulated knowledge about controlling, find a new, unplanned path at the tutorial","Пользуясь накопленными знаниями об управлении, откройте новый, незапланированный путь на уровне обучения"
I am already the Slippey,I am already the Slippey,Я уже Сливка
Complete the tutorial,Complete the tutorial,Пройдите обучение
It's worth a shot,It's worth a shot,Попытка - не пытка
Die 2 times,Die 2 times,Умрите 2 раза
I'm no stranger to,I'm no stranger to,А мне не привыкать
Die 35 times,Die 35 times,Умрите 35 раз
Over and over and over and over and over and,Over and over and over and over and over and,Снова и снова и снова и снова и снова и снова и 
Die 273 times,Die 273 times,Умрите 273 раза
You're getting somewhere,You're getting somewhere,Ты чего-то добиваешься
"Survive 50 seconds. 
Try 150 to complete the level!","Survive 50 seconds. 
Try 150 to complete the level!","Прожить 50 секунд.
Проживи 150, чтобы пройти уровень!"
"I Have No Eyes, and I Must Oversee","I Have No Eyes, and I Must Oversee","У меня нет глаз, но я должен глядеть"
Complete a level with maximum camera zoom set in options,Complete a level with maximum camera zoom set in options,"Пройдите уровень с максимальным приближением камеры, выставленным в настройках"
At least I got to hobnob with royalty,At least I got to hobnob with royalty,На хорошем счету у королевской семьи
"Check the author's Boosty, YouTube or Discord","Check the author's Boosty, YouTube or Discord","Перейдите на Бусти, Ютуб или Дискорд автора"
"When the warm sun, that brings","When the warm sun, that brings",Травка зеленеет
"Complete level 1 on ""Hard"" difficulty","Complete level 1 on ""Hard"" difficulty","Пройдите 1 уровень на сложности ""Сложная"""
I have been one acquainted with the night,I have been one acquainted with the night,"Мне не спится, нет огня"
"Complete level 1 on ""Insane"" difficulty","Complete level 1 on ""Insane"" difficulty","Пройдите 1 уровень на сложности ""Безумная"""
"I felt a Funeral, in my Brain","I felt a Funeral, in my Brain",Придёт ужасный час... Твои небесны очи
"Complete level 1 on ""Inferno"" difficulty","Complete level 1 on ""Inferno"" difficulty","Пройдите 1 уровень на сложности ""Инферно"""
"Seed-time and harvest, has returned again","Seed-time and harvest, has returned again",Солнышко блестит
"Complete level 2 on ""Hard"" difficulty","Complete level 2 on ""Hard"" difficulty","Пройдите 2 уровень на сложности ""Сложная"""
I have walked out in rain—and back in rain,I have walked out in rain—and back in rain,Всюду мрак и сон доскучный
"Complete level 2 on ""Insane"" difficulty","Complete level 2 on ""Insane"" difficulty","Пройдите 2 уровень на сложности ""Безумная"""
And Mourners to and fro,And Mourners to and fro,"Покроются, друг мой, туманом вечной ночи"
"Complete level 2 on ""Inferno"" difficulty","Complete level 2 on ""Inferno"" difficulty","Пройдите 2 уровень на сложности ""Инферно"""
"T is sweet to visit the still wood, where springs","T is sweet to visit the still wood, where springs",Ласточка с весною
"Complete level 3 on ""Hard"" difficulty","Complete level 3 on ""Hard"" difficulty","Пройдите 3 уровень на сложности ""Сложная"""
I have outwalked the furthest city light,I have outwalked the furthest city light,Ход часов лишь однозвучный
"Complete level 3 on ""Insane"" difficulty","Complete level 3 on ""Insane"" difficulty","Пройдите 3 уровень на сложности ""Безумная"""
Kept treading – treading – till it seemed,Kept treading – treading – till it seemed,Молчанье вечное сомкнёт твои уста
"Complete level 3 on ""Inferno"" difficulty","Complete level 3 on ""Inferno"" difficulty","Пройдите 3 уровень на сложности ""Инферно"""
The first flower of the plain,The first flower of the plain,В сени к нам летит
"Complete level 4 on ""Hard"" difficulty","Complete level 4 on ""Hard"" difficulty","Пройдите 4 уровень на сложности ""Сложная"""
I have looked down the saddest city lane,I have looked down the saddest city lane,Раздаётся близ меня
"Complete level 4 on ""Insane"" difficulty","Complete level 4 on ""Insane"" difficulty","Пройдите 4 уровень на сложности ""Безумная"""
That Sense was breaking through,That Sense was breaking through,Ты навсегда сойдёшь в те мрачные места
"Complete level 4 on ""Inferno"" difficulty","Complete level 4 on ""Inferno"" difficulty","Пройдите 4 уровень на сложности ""Инферно"""
I love the season well,I love the season well,С нею солнце краше
"Complete level 5 on ""Hard"" difficulty","Complete level 5 on ""Hard"" difficulty","Пройдите 5 уровень на сложности ""Сложная"""
When forest glades are teeming with bright forms,When forest glades are teeming with bright forms,"Парки бабье лепетанье, спящей ночи трепетанье"
"Complete level 5 on ""Insane"" difficulty","Complete level 5 on ""Insane"" difficulty","Пройдите 5 уровень на сложности ""Безумная"""
And when they all were seated,And when they all were seated,Где прадедов твоих почиют моши хладны
"Complete level 5 on ""Inferno"" difficulty","Complete level 5 on ""Inferno"" difficulty","Пройдите 5 уровень на сложности ""Инферно"""
Nor dark and many-folded clouds foretell,Nor dark and many-folded clouds foretell,И весна милей
"Complete level 6 on ""Hard"" difficulty","Complete level 6 on ""Hard"" difficulty","Пройдите 6 уровень на сложности ""Сложная"""
"And dropped my eyes, unwilling to explain","And dropped my eyes, unwilling to explain","Жизни мышья беготня, что тревожишь ты меня"
"Complete level 6 on ""Insane"" difficulty","Complete level 6 on ""Insane"" difficulty","Пройдите 6 уровень на сложности ""Безумная"""
"A Service, like a Drum","A Service, like a Drum","Но я, дотоле твой поклонник безотрадный"
"Complete level 6 on ""Inferno"" difficulty","Complete level 6 on ""Inferno"" difficulty","Пройдите 6 уровень на сложности ""Инферно"""
The coming-on of storms,The coming-on of storms,Прощебечь с дороги нам привет скорей
"Complete level 7 on ""Hard"" difficulty","Complete level 7 on ""Hard"" difficulty","Пройдите 7 уровень на сложности ""Сложная"""
I have stood still,I have stood still,"Что ты знаешь, скучный шёпот"
"Complete level 7 on ""Insane"" difficulty","Complete level 7 on ""Insane"" difficulty","Пройдите 7 уровень на сложности ""Безумная"""
Kept beating – beating – till I thought,Kept beating – beating – till I thought,"И сяду близ тебя, печальный и немой"
"Complete level 7 on ""Inferno"" difficulty","Complete level 7 on ""Inferno"" difficulty","Пройдите 7 уровень на сложности ""Инферно"""
Eureka,Eureka,Эврика
Find one of the secret ways at level 8,Find one of the secret ways at level 8,Найдите один из потайных ходов на 8 уровне
Marathoner,Marathoner,Марафонец
Run 512 blocks on level 8,Run 512 blocks on level 8,Пробегите 512 блоков на 8 уровне
"From the earth's loosened mould, the sapling draws its sustenance, and thrives","From the earth's loosened mould, the sapling draws its sustenance, and thrives",Дам тебе я зёрен
"Complete level 8 on ""Hard"" difficulty","Complete level 8 on ""Hard"" difficulty","Пройдите 8 уровень на сложности ""Сложная"""
And stopped the sound of feet,And stopped the sound of feet,"Укоризна, или ропот мной утраченного дня"
"Complete level 8 on ""Insane"" difficulty","Complete level 8 on ""Insane"" difficulty","Пройдите 8 уровень на сложности ""Безумная"""
My mind was going numb,My mind was going numb,"И сяду близ тебя, печальный и немой"
"Complete level 8 on ""Inferno"" difficulty","Complete level 8 on ""Inferno"" difficulty","Пройдите 8 уровень на сложности ""Инферно"""
Are you really falling for this?,Are you really falling for this?,Ты реально на это повёлся?
"Ahah, such an idiot","Ahah, such an idiot",Ну ты и дебил
Laziness is our everything,Laziness is our everything,Лень - двигатель прогресса
Skip the section with rising lava at level 9,Skip the section with rising lava at level 9,Избегите секции с поднимающейся лавой на 9 уровне
Though stricken to the heart with winter's cold,Though stricken to the heart with winter's cold,А ты песню спой
"Complete level 9 on ""Hard"" difficulty","Complete level 9 on ""Hard"" difficulty","Пройдите 9 уровень на сложности ""Сложная"""
When far away an interrupted cry,When far away an interrupted cry,"От чего меня ты хочешь, ты зовёшь или пророчешь"
"Complete level 9 on ""Insane"" difficulty","Complete level 9 on ""Insane"" difficulty","Пройдите 9 уровень на сложности ""Безумная"""
And then I heard them lift a Box,And then I heard them lift a Box,У милых ног твоих - себе их на колена сложу
"Complete level 9 on ""Inferno"" difficulty","Complete level 9 on ""Inferno"" difficulty","Пройдите 9 уровень на сложности ""Инферно"""
The drooping tree revives.,The drooping tree revives.,"Что из стран далёких, принесла с собой."
"Complete level 10 on ""Hard"" difficulty","Complete level 10 on ""Hard"" difficulty","Пройдите 10 уровень на сложности ""Сложная"""
Came over houses from another street.,Came over houses from another street.,"Я понять тебе хочу, смысла я в тебе ищу"
"Complete level 10 on ""Insane"" difficulty","Complete level 10 on ""Insane"" difficulty","Пройдите 10 уровень на сложности ""Безумная"""
And creak across my Soul...,And creak across my Soul...,и буду ждать печально... Но чего...
"Complete level 10 on ""Inferno"" difficulty","Complete level 10 on ""Inferno"" difficulty","Пройдите 10 уровень на сложности ""Инферно"""
Congratulations!,Congratulations!,Поздравляем!
Complete every test,Complete every test,Завершить все испытания
Pass the final exam,Pass the final exam,Завершить финальный тест
Pass the viability check,Pass the viability check,Пройти проверку на жизнеспособность 
Beat the game,Beat the game,Пройти игру
A criminal against humanity,A criminal against humanity,Преступник против человечества
"Train the artificial life form ""Slippey"" to be used as a live weapon for military operations","Train the artificial life form ""Slippey"" to be used as a live weapon for military operations","Натренируйте искусственную форму жизни ""Слиппи"" для применения в качестве живого оружия для военных действий"
You will regret it.,You will regret it.,Вы об этом пожалеете.
"Thank you for everything, player :)","Thank you for everything, player :)","Спасибо за всё, игрок :)"
Complete all other achievements,Complete all other achievements,Соберите все остальные достижения
Achievements: ,Achievements: ,Достижения:
"We're Sorry
.txt","We're Sorry
.txt",Нам жаль.txt
Dem01.img,Dem01.img,Дем01.img
Dem02.img,Dem02.img,Дем02.img
Titles.txt,Titles.txt,Титры.txt
Dem03.img,Dem03.img,Дем03.img
Dem04.img,Dem04.img,Дем04.img
Dem05.img,Dem05.img,Дем05.img
"Memory1
.img","Memory1
.img","Память1
.img"
"Memory2
.img","Memory2
.img","Память2
.img"
"Memory3
.img","Memory3
.img","Память3
.img"
"Memory4
.img","Memory4
.img","Память4
.img"
"Eternity
.img","Eternity
.img","Вечность
.img"
"The Test Is
Over.txt","The Test Is
Over.txt","Эксперимент
окончен    
.txt"
"Gratitude
Diary.txt","Gratitude
Diary.txt","Дневник
Благодарностей
.txt"
"
Dear employees. Due to the abuse of the Internet during working hours, we have disabled
access to it on all office computers indefinitely. Treat this with understanding, it is 
important for us to see you happy and rested, but it is also equally important to fulfill
the work plan. Don't forget what a serious project you are working on.
Sincerely, the administration of the third sector of Giero Labs.","
Dear employees. Due to the abuse of the Internet during working hours, we have disabled
access to it on all office computers indefinitely. Treat this with understanding, it is 
important for us to see you happy and rested, but it is also equally important to fulfill
the work plan. Don't forget what a serious project you are working on.
Sincerely, the administration of the third sector of Giero Labs.","
Уважаемые сотрудники. В связи со злоупотреблением интернетом в рабочее время мы отключили доступ к нему на всех служебных компьютерах на неопределённых срок. Просим вам отнестись к этому с пониманием,
нам важно видеть вас счастливыми и отдохнувшими, но также не менее важно выполнять рабочий план. Не забывайте, над каким серьёзным проектом вы работаете.
С уважением, администрация третьего сектора Giero Labs."
"
From Mike777 to middle-level employees.
I want to give special thanks to the geniuses who watched porn on office computers
during working hours. MAY GOD BLESS YOU AND YOUR F*CKEN FAMILY","
From Mike777 to middle-level employees.
I want to give special thanks to the geniuses who watched porn on office computers
during working hours. MAY GOD BLESS YOU AND YOUR F*CKEN FAMILY","
От: Майк777
Кому: Сотрудникам среднего уровня
Отдельное спасибо хочу передать гениям, смотревшим порнуху на служебных компьютерах в рабочее время. ДАЙ БОГ ЗДОРОВЬЯ ВАМ И ВАШЕЙ СЕМЬЕ БЛ*ТЬ."
"
From Jiofef to everyone.
For more than a year of development, I have not used almost any other people's assets.
However, I couldn't create some things myself in the form I wanted, so I had to borrow.
I want to thank:
FFF Media Inc and Daymarius for the fonts.
sfxBUZZ and SoundJay for some sounds.
Pixabay for various assets, mostly sounds.
The developers of Katana ZERO for the sound of laughter.

Everything else was done by the only employee of the Paradise Underground studio under
the nickname Jiofef



All rights reserved btw ;p","
From Jiofef to everyone.
For more than a year of development, I have not used almost any other people's assets.
However, I couldn't create some things myself in the form I wanted, so I had to borrow.
I want to thank:
FFF Media Inc and Daymarius for the fonts.
sfxBUZZ and SoundJay for some sounds.
Pixabay for various assets, mostly sounds.
The developers of Katana ZERO for the sound of laughter.

Everything else was done by the only employee of the Paradise Underground studio under
the nickname Jiofef



All rights reserved btw ;p","
От: Джиофефа.
Кому: Всем.
За больше года разработки я не использовал почти ни одного чужого ассета. Некоторые вещи однако я не смог создать сам в той форме, в которой хотел, поэтому мне пришлось позаимствовать
Хочу поблагодарить:
FFF Media Inc и Daymarius за шрифты
sfxBUZZ и SoundJay за некоторые звуки
Pixabay за различные ассеты, в основном звуки
Разработчикам Katana ZERO за звук смеха

Всё остальное сделал единственный работник студии Paradise Underground под ником Jiofef

Все права сохранены кста ;P"
"
Huge Thanks from Jiofef to Alexandr Steif, Diana Steif, Tengi, Frontend Pashtet, 
Factorio developers, Pizza Tower developers, Arsi ""Hakita"" Patala, Edmund McMillen,
Gooseworx, Nelward, Toby Fox, Richard David James, Mike Paradinas, NikeTheHuman,
Guk Svetlana, Alexey Panasenko, Dmitriy Pogodaev, Serbina Valentina, Konstanin Panov,
Sergey HellYeah Belyakov, Roman Hudyakov, Elena Kishenko,
Illya, my mom, and You, Player.

Without you all this game wouldn't exist","
Huge Thanks from Jiofef to Alexandr Steif, Diana Steif, Tengi, Frontend Pashtet, 
Factorio developers, Pizza Tower developers, Arsi ""Hakita"" Patala, Edmund McMillen,
Gooseworx, Nelward, Toby Fox, Richard David James, Mike Paradinas, NikeTheHuman,
Guk Svetlana, Alexey Panasenko, Dmitriy Pogodaev, Serbina Valentina, Konstanin Panov,
Sergey HellYeah Belyakov, Roman Hudyakov, Elena Kishenko,
Illya, my mom, and You, Player.

Without you all this game wouldn't exist","
Jiofef хочет лично поблагодарить: Александра Стейф, Диану Стейф, Tengi, Фронтенд Паштета, разработчиков Factorio, разработчиков Pizza Tower, Арси ""Хакита"" Паталу, Эдмунда МакМиллена, Gooseworx, Нелварда, Тоби Фокса, Ричарда Дэвида Джеймса, Майка Парадинаса, Никиту Жижова, Гук Светлану, Алексея Панасенко, Дмитрия Погодаева, Сербину Валентину, Константина Панова, Сергея-HellYeah-Белякова, Романа Худякова, Елену Кищенко,
Иллию, мою маму и Тебя, Игрок.

Без вас всех этой игры бы не существовало"
"
To the Board of Directors of Giero.
I am glad to inform you that the testing and training of object 24 ""Slippey"" (hereinafter
referred to as the ""object"") was successful. The object is subject to further cloning and
the use of clones for military purposes in accordance with Order N43 of 03/27/2039.
Our laboratories will conduct additional testing and begin the cloning operation in the
near future.
With respect,
The general manager of Giero Labs, Hiro Miyoshi.","
To the Board of Directors of Giero.
I am glad to inform you that the testing and training of object 24 ""Slippey"" (hereinafter
referred to as the ""object"") was successful. The object is subject to further cloning and
the use of clones for military purposes in accordance with Order N43 of 03/27/2039.
Our laboratories will conduct additional testing and begin the cloning operation in the
near future.
With respect,
The general manager of Giero Labs, Hiro Miyoshi.","
Совету директоров Giero.
Рад вам сообщить, что тестирование и тренировка объекта 24 (далее ""объект"") прошла успешно. Объект подлежит дальнейшему клонированию и использованию клонов в военных целях согласно приказу N43 от 27.03.2039. Наши лаборатории проведут дополнительное тестирование и начнут операцию клонирования в ближайшие сроки.
С уважением,
Управляющий Giero Labs Хиро Мийоши."
"Start with
tutorial?","Start with
tutorial?","Начать с
обучения?"
"Skip platform
section?","Skip platform
section?","Пропустить
вступление?"
"Skip fake
level part?","Skip fake
level part?","Пропустить
вступление?"
Press F to skip intro,Press F to skip intro,Нажмите F чтобы пропустить вступление
"To walk, pressㅤ
 and     or     and     ","To walk, pressㅤ
 and     or     and     ","Чтобы ходить, нажми
🠈 и 🠊 или A и D"
"To walk, pressㅤ
and      or      and    ","To walk, pressㅤ
and      or      and    ",
"To jump, press     or    ","To jump, press     or    ","Чтобы прыгнуть, жми 🠉 или W"
"To jump, press     ,       or  ","To jump, press     ,       or  ",
"To climb the wall,
press     or     during
flight","To climb the wall,
press     or     during
flight","Чтобы взобраться на стену,
нажми 🠉 или W в полёте"
"To climb the wall,
press     ,      or      during
flight","To climb the wall,
press     ,      or      during
flight",
"To wall-jump,
holdㅤㅤㅤ,ㅤㅤ    orㅤㅤ
against the wall during
flight and jump","To wall-jump,
holdㅤㅤㅤ,ㅤㅤ    orㅤㅤ
against the wall during
flight and jump","Чтобы отпрыгнуть от
стены, зажми Ctrl, Shift
или ЛКМ около стены во 
время полёта и прыгни"
"To wall-jump,
hold   ㅤ or ㅤㅤ
against the wall during
flight and jump","To wall-jump,
hold   ㅤ or ㅤㅤ
against the wall during
flight and jump",
"🠊 🠊 🠊
You need go right
🠊 🠊 🠊","🠊 🠊 🠊
You need go right
🠊 🠊 🠊","🠊 🠊 🠊
Тебе надо направо
🠊 🠊 🠊"
Oh...,Oh...,Ой...
"To pulldown, press
    or     during flight","To pulldown, press
    or     during flight","Для рывка вниз нажмите
🠋 или S в полёте"
"To pulldown, press
    or      during flight","To pulldown, press
    or      during flight",
,,
,,
,,
,,
,,
,,
,,
,,
,,
,,
,,
,,
!YOU WIN!,!YOU WIN!,!ТЫ ПОБЕДИЛ!
"You're probably
wondering why you 
need all this...","You're probably
wondering why you 
need all this...","Возможно ты
думаешь зачем
тебе всё это надо..."
"Don't worry, this
knowledge will be
useful to you","Don't worry, this
knowledge will be
useful to you","Не беспокойся, эти
знания тебе
пригодятся"
"Just wait a few
seconds.","Just wait a few
seconds.","Просто подожди
несколько секунд."
And where?..,And where?..,И где?..
"Oh, I almost forgot.","Oh, I almost forgot.","А, я забыл."
Done :),Done :),Готово :)
Hold R,Hold R,Зажмите R
Score: ,Score: ,Очки: 
"New Record!
Score: ","New Record!
Score: ","Новый Рекорд!
Очки: "
Language,Language,          Язык
GratitudeDiaryHeartXPos,106,124
GratitudeDiaryHeartYPos,48,54
"AHA













GOTCHA","AHA













GOTCHA","АГА













ПОПАЛСЯ"
"Sorry, there is no secret
Take an apple :)","Sorry, there is no secret
Take an apple :)","Извини, пасхалки нет
Держи яблочко :)"
Hey! Listen. I pulled you out of the previous test.,Hey! Listen. I pulled you out of the previous test.,Привет! Слушай сюда. Я вытащил тебя с предыдущего испытания.
"The bad guys who are keeping you here wanted to make you go through a handful more test chambers,","The bad guys who are keeping you here wanted to make you go through a handful more test chambers,","Плохие ребята, которые держат тебя здесь хотели заставить тебя пройти ещё горсть тестовых камер,"
but I can see that you've suffered enough.,but I can see that you've suffered enough.,"но я вижу, ты и так настрадался."
"Hold on, I'll try to break this test and get you free.","Hold on, I'll try to break this test and get you free.","В общем, я попробую поломать это испытание и вытащить тебя на волю."
"I will be able to do this only after three hundred seconds,","I will be able to do this only after three hundred seconds,","Сделать я это смогу только после трёхста секунд,"
that's how long it takes to pass this chamber.,that's how long it takes to pass this chamber.,столько надо для прохождения этой камеры.
"It's a lot, but don't worry, I'll figure out how to help you.","It's a lot, but don't worry, I'll figure out how to help you.","Это много, но, я придумаю, как тебе помочь, не бойся."
As for now...,As for now...,А пока
JUST LIVE!,JUST LIVE!,ПРОСТО ЖИВИ.
"Listen, I think there's an opportunity to break the timer here.","Listen, I think there's an opportunity to break the timer here.","Слушай, тут походу есть возможность сломать таймер."
This will stop it from zeroing out every time a bomb hits you.,This will stop it from zeroing out every time a bomb hits you.,Это прекратит его обнуление при каждом попадании бомбы в тебя.
"He's got some kind of twisted security system here, but I'll figure something out.","He's got some kind of twisted security system here, but I'll figure something out.","У него тут какая-то замороченная система защиты, но я чё-нибудь придумаю."
Just live for now!,Just live for now!,Пока живи.
"YES! I DID IT! LIVE, SLIPPEY, LIVE!","YES! I DID IT! LIVE, SLIPPEY, LIVE!","ДА! Я СДЕЛАЛ ЭТО! ЖИВИ, СЛИППИ, ЖИВИ!"
YOU HAVE EVERY CHANCE TO LIVE UP TO THREE HUNDRED SECONDS!,YOU HAVE EVERY CHANCE TO LIVE UP TO THREE HUNDRED SECONDS!,У ТЕБЯ ЕСТЬ ВСЕ ШАНСЫ ДОЖИТЬ ДО ТРЁХСТА СЕКУНД!
JUST A LITTLE BIT! DOO IT!,JUST A LITTLE BIT! DOO IT!,КАПЕЛЬКУ ОСТАЛОСЬ! ДАВААЙ!!!
10 SECONDS!!!,10 SECONDS!!!,10 СЕКУНД!!!
YEAH! YOU DID IT!,YEAH! YOU DID IT!,ДАААА! ТЫ СДЕЛАЛ ЭТО!
Congratulations!,Congratulations!,Поздравляю!
"Well, I'm gonna...","Well, I'm gonna...","В общем, сейчас я..."
"he... hey, wha...","he... hey, wha...",Эй... ч-чё...
the timer was... fixed?,the timer was... fixed?,Та-... Таймер починился?
I... I don't understand...,I... I don't understand...,Не понял...
I ca... I can't... I can't contro...*laugh*,I ca... I can't... I can't contro...*laugh*,И что-т... Я-я не могу конт...
"I can't control the crosses, hey, what's with them ;)","I can't control the crosses, hey, what's with them ;)","Я не могу контролировать метки, эй, чё с ними ;)"
"Come on, I'll push the crosses out from you so it won't be so hard!","Come on, I'll push the crosses out from you so it won't be so hard!","Давай, я буду отталкивать метки от тебя, чтобы было не так тяжело!"
"Come on, hold on!","Come on, hold on!","Давай, держись!"
I'm rooting for you!,I'm rooting for you!,Держу за тебя кулаки.
Don't give up!,Don't give up!,Не сдавайся!..
You'll slip away!,You'll slip away!,Ты вырвешься!
"I'm with you, my friend!","I'm with you, my friend!","Я с тобой, друг!"
I believe in you!,I believe in you!,Я верю в тебя!
"Hold on, it will be over soon!","Hold on, it will be over soon!","Держись, это скоро закончится!"
you were deceived.,you were deceived.,вас обманули.
"Are you sure you
want to leave?","Are you sure you
want to leave?","Вы уверены что
хотите выйти?"